n_neurons,n_cores,conn_prob,firing_rate,T_overhead,T_overhead_sem,overhead_pct,overhead_pct_sem,T_static,T_static_sem,T_stdp,T_stdp_sem,n_spikes_static,n_spikes_stdp,n_connections,spike_divergence,spike_divergence_sem
10,1,0.05,10.0,0.0028996143325154267,0.00867284338275114,1.6446539835471268,0.08004890388581117,0.17630543333264845,0.005093325855855905,0.17920504766516387,0.007019703987192047,6907.333333333333,6903.666666666667,5.0,-0.05299900482772918,0.0680017630023595
10,1,0.05,20.0,0.0012114499986637384,0.0011379561865630242,0.6970811039813749,0.004544721989120936,0.17378895966976415,0.0006972486389109768,0.1750004096684279,0.0008993267582329854,7097.333333333333,7091.666666666667,6.666666666666667,-0.07982478242452497,0.0366603921505269
10,1,0.05,40.0,0.00045352000355100563,0.011267571625497727,0.24915354310781698,0.0154016547675615,0.18202430432817587,0.007504691229660066,0.18247782433172688,0.008404628479783313,7472.0,7463.0,5.0,-0.12040393229939865,0.06318194109049466
10,1,0.1,10.0,-0.0006712286655480848,0.0017057675363498605,-0.38422541186609327,0.0037606930332399727,0.17469658300008936,0.0010446220915086059,0.17402535433454128,0.0013484834348249366,6911.0,6907.0,7.333333333333333,-0.05787386444541853,0.022092077151147676
10,1,0.1,20.0,0.0006055396709901406,0.0010052436114006702,0.34898073353795683,0.0020212326117007066,0.1735166479969242,0.0009660432007912064,0.17412218766791435,0.0002779842665816579,7106.333333333333,7100.333333333333,9.666666666666666,-0.08442578929143307,0.03541045339495205
10,1,0.1,40.0,0.0019406490076410987,0.0013023761772518957,1.1253429329639422,0.00841443275523766,0.17244956633173084,0.0004261720033432508,0.17439021533937193,0.0012306750711051481,7469.0,7458.666666666667,7.666666666666667,-0.13825443855588584,0.0451020261803038
10,1,0.2,10.0,0.009133165663418652,0.006924093475558885,5.23054124236118,0.19726503345591195,0.17461224833580977,0.0008573225715432871,0.18374541399922842,0.00687081279519385,6921.333333333333,6914.666666666667,21.666666666666668,-0.096316856434071,0.025482099345198853
10,1,0.2,20.0,0.0021478143316926435,0.0012287405573049603,1.2335178243775586,0.008688714914487444,0.1741210616698178,0.0011317826825003893,0.17626887600151045,0.00047840497150252,7108.333333333333,7103.0,20.666666666666668,-0.07502095328010418,0.06149474512822267
10,1,0.2,40.0,0.0010840643371921033,0.0007775692790392641,0.6196796797891081,0.0027408383625015897,0.17493946833322602,0.00035049330640887853,0.17602353267041812,0.0006940954011288456,7486.333333333333,7465.666666666667,17.333333333333332,-0.2760459496750443,0.031115023443165794
10,2,0.05,10.0,-0.007084540008994139,0.006310723591178387,-3.334553769711395,0.09905266914602809,0.21245841267712726,0.006305911368583018,0.20537387266813312,0.0002464022236727747,6902.333333333333,6905.333333333333,4.333333333333333,0.04351606806721769,0.06643066038344751
10,2,0.05,20.0,-0.0036274396746497073,0.0035591136489670047,-1.7385471394533014,0.029679779920403996,0.20864776066931276,0.003478695714575354,0.20502032099466305,0.0007523071790554001,7092.0,7097.0,2.3333333333333335,0.07057756314427845,0.08580014484988327
10,2,0.05,40.0,-0.0037499033399702453,0.010292675358437272,-1.7442589109344029,0.08390675486627107,0.21498547701048665,0.0088121718046001,0.2112355736705164,0.005318345054656837,7470.333333333333,7466.0,5.333333333333333,-0.057868402055874034,0.1138283287749748
10,2,0.1,10.0,0.0005102073337184265,0.0011410564711489314,0.24606873289347106,0.0013515617106918873,0.20734342300177863,0.0005290854730991407,0.20785363033549706,0.001010978947607867,6913.333333333333,6912.333333333333,10.0,-0.014422947189279417,0.0662997681708735
10,2,0.1,20.0,-0.011427412668126635,0.011919339428718284,-5.251479606455519,0.2876754855024962,0.21760367600169653,0.011910852833689738,0.2061762633335699,0.0004497078953981304,7100.666666666667,7097.666666666667,10.0,-0.04184975522461989,0.18303006156706086
10,2,0.1,40.0,-4.2043335270136595e-05,0.0006327886025687699,-0.020565767986634495,6.36675592479235e-05,0.20443357766877548,0.0003174373276264932,0.20439153433350535,0.0005474074885953672,7474.0,7464.0,11.0,-0.13374111850154066,0.054033032209032585
10,2,0.2,10.0,0.007597382665456592,0.006729917688330583,3.7023134855564055,0.11710293602091354,0.20520635800009282,0.00042107514766278123,0.2128037406655494,0.006716731929422643,6923.666666666667,6909.0,21.666666666666668,-0.21179584758411152,0.06023926301037782
10,2,0.2,20.0,0.0016241076712806835,0.0011461738833380259,0.7899477982390964,0.004371377199651174,0.20559683499353318,0.00027834339233342217,0.20722094266481386,0.0011118630881500173,7107.333333333333,7097.666666666667,20.666666666666668,-0.13570273072211414,0.1603280923814874
10,2,0.2,40.0,0.002202540660315805,0.0015272458821820065,1.0684350368002224,0.00783251326849054,0.2061464276678938,0.00013306485812843326,0.2083489683282096,0.0015214380461172762,7482.0,7465.0,19.666666666666668,-0.22705847597778184,0.1518646248434918
10,4,0.05,10.0,0.05922186266010007,0.06436729293355073,34.02872306179651,12.585343155985477,0.17403492500307038,0.06436414200822063,0.23325678766317046,0.0006368854992372616,6911.333333333333,6900.333333333333,4.666666666666667,-0.1591072766493736,0.07963470789234227
10,4,0.05,20.0,0.005700917337283812,0.0035506224161041206,2.4441949478088,0.036404500768197755,0.23324315199958315,0.0010904069712083637,0.23894406933686696,0.003379043086271802,7097.333333333333,7093.666666666667,4.0,-0.05162731497520539,0.05993763740384664
10,4,0.05,40.0,0.0059960096599146195,0.004276020439683987,2.5834838624428027,0.0464313974776988,0.23209007600477585,0.0006952569556232457,0.23808608566469047,0.004219119406493816,7475.333333333333,7466.0,4.333333333333333,-0.12479755093536109,0.08467735459031639
10,4,0.1,10.0,-0.0016541319976871027,0.0006034314144966847,-0.7072811356524333,0.0018376392634988708,0.23387192366741752,8.741259366096344e-05,0.23221779166973042,0.0005970665879706659,6909.666666666667,6904.0,6.666666666666667,-0.08196559588574746,0.05687643180309428
10,4,0.1,20.0,5.447365886843136e-05,0.0005047419712843127,0.02327377859848705,5.018896344391663e-05,0.23405592967174016,0.0004831926497455524,0.2341104033306086,0.0001459086042968197,7094.666666666667,7099.0,10.0,0.06139424549157007,0.16932489139503998
10,4,0.1,40.0,-0.001474604335574753,0.0009581399980816314,-0.6310038871128917,0.0025941641871619395,0.23369179900328163,0.000724866525626977,0.23221719466770688,0.0006265786271086366,7472.333333333333,7465.333333333333,10.666666666666666,-0.09352068483577869,0.1143537046080889
10,4,0.2,10.0,0.000694942005793564,0.001431404041638776,0.2992123504554641,0.0018394444472729361,0.23225712599620843,0.0005771757241380695,0.232952068002002,0.0013098800379750498,6921.0,6912.666666666667,19.666666666666668,-0.12036548372418132,0.03937620525033333
10,4,0.2,20.0,0.0009663256690449207,0.0008832671624258333,0.4142068070941222,0.001562062650311892,0.23329545833015194,0.00019801526889462072,0.23426178399919687,0.0008607850100369862,7114.333333333333,7098.666666666667,19.666666666666668,-0.21970511216119235,0.18112148928036623
10,4,0.2,40.0,0.0010603743333680027,0.0011196430313328567,0.4545618762728557,0.0021763431566810903,0.23327392566716298,0.0007519619895488619,0.234334300000531,0.0008295502901487923,7477.666666666667,7484.0,19.333333333333332,0.08491483993003239,0.11724211677578564
10,8,0.05,10.0,0.00013899933643796158,0.004563131231323466,0.04400110060203578,0.0006354226608897668,0.31589968099918525,0.002885957710183053,0.3160386803356232,0.003534602485331922,6911.0,6904.333333333333,2.6666666666666665,-0.09628940285755,0.10902473743691328
10,8,0.05,20.0,-0.0022602240060223266,0.002308909162617131,-0.7211572933468783,0.005313476621403526,0.31341623067176744,0.0022856680132904766,0.3111560066657451,0.00032677707116336507,7094.666666666667,7102.333333333333,4.0,0.1080633124942234,0.060004610271997307
10,8,0.05,40.0,-0.003305662995747638,0.001793520708829763,-1.0530671168425951,0.006065816518448009,0.3139081016658262,0.0008680577869248418,0.3106024386700786,0.0015694560240925393,7468.666666666667,7467.333333333333,5.0,-0.017810948419144514,0.05850641623919129
10,8,0.1,10.0,-0.0008565253325892863,0.0012645651791948849,-0.27332601199111034,0.0011050647278956665,0.3133713203327109,0.0007003340815338596,0.31251479500012164,0.001052927949422142,6910.333333333333,6910.666666666667,7.666666666666667,0.004874898389916883,0.0632849328338737
10,8,0.1,20.0,-0.0003345273338102861,0.0013828320875924759,-0.10655313709386767,0.000469545652685404,0.31395352866578224,0.0010274850250930273,0.31361900133197196,0.0009254723689473102,7101.0,7101.666666666667,13.666666666666666,0.00944915829149016,0.04966979065550154
10,8,0.1,40.0,0.0021349509964541658,0.0012698161567300463,0.6812236047289942,0.002745145563039789,0.31339944500359707,0.0005624056363824829,0.31553439600005123,0.0011384783581859955,7471.333333333333,7469.666666666667,9.333333333333334,-0.022266065341699084,0.04966773062197651
10,8,0.2,10.0,-0.0009258956658110828,0.0012365762063244305,-0.29528473981158626,0.0011648103697626327,0.3135602830006974,0.0011803794005859909,0.3126343873348863,0.00036854468483479375,6924.0,6920.0,21.666666666666668,-0.057755474357382985,0.10108616188358059
10,8,0.2,20.0,-0.0005879653423714326,0.0007238862204934483,-0.18798558066528104,0.00043539280315740776,0.312771511671599,0.0005684702919932231,0.31218354632922757,0.0004481660265364043,7107.666666666667,7100.333333333333,17.333333333333332,-0.10320247551256106,0.07098500423448433
10,8,0.2,40.0,0.0014994903322076425,0.0018462712849351723,0.47609844974498006,0.0027816031429528892,0.314953836335917,0.0010044221480312737,0.31645332666812465,0.0015491461538926577,7484.0,7468.333333333333,19.666666666666668,-0.20916023201401948,0.09250471990714744
50,1,0.05,10.0,0.006102835997201794,0.002160544501526125,1.3885015609023215,0.006747981312956529,0.43952676533081103,0.0008944979190774675,0.4456296013280128,0.0019666789305427695,34618.0,34571.666666666664,124.66666666666667,-0.13384530220324029,0.01784449973987201
50,1,0.05,20.0,0.011505701671315649,0.0038576216080411386,2.637003360780279,0.022721033871628122,0.43631729266780894,0.0003655530679552727,0.4478229943391246,0.0038402624162073074,35567.666666666664,35503.0,126.0,-0.18181189735971737,0.03098243914764223
50,1,0.05,40.0,0.003986435661014809,0.0013033025271425198,0.9059852197270408,0.0026793937192243675,0.4400111143331742,0.0011863992306439903,0.443997549994189,0.0005394945252580666,37442.333333333336,37347.666666666664,125.33333333333333,-0.25282965997258533,0.02091575182166987
50,1,0.1,10.0,0.009152927329220462,0.0004188205894888528,2.083281211666805,0.0019455079375862918,0.43935150367421255,2.1381235956492474e-05,0.448504431003433,0.00041827446602531567,34715.666666666664,34616.666666666664,254.66666666666666,-0.285173261565836,0.012982557142095886
50,1,0.1,20.0,0.015174098666951352,0.00649805438654515,3.450707870551085,0.049311622970897744,0.4397387213345307,0.0007177898845234277,0.45491282000148203,0.006458288356226788,35662.0,35561.333333333336,258.6666666666667,-0.28222087151486286,0.06626255752824387
50,1,0.1,40.0,0.012633898993954062,0.0021003449967892346,2.8615474677616866,0.013301173157573301,0.441505833339761,0.0008772377932992335,0.4541397323337151,0.0019083770485795151,37494.0,37406.0,244.0,-0.23470170928510595,0.021545889966775398
50,1,0.2,10.0,0.02399137799996731,0.008502458877319848,5.422207306655271,0.09911179998763708,0.44246515566677164,0.0019090192411023432,0.46645653366673895,0.008285375821145117,34899.666666666664,34720.333333333336,488.6666666666667,-0.5138515358276999,0.025937940491592232
50,1,0.2,20.0,0.021950235997792333,0.0031864835905072108,4.94498318866468,0.033899387622339607,0.4438889913338547,0.0006632722210003425,0.465839227331647,0.0031166885685645586,35866.666666666664,35646.333333333336,504.3333333333333,-0.6143094968193371,0.007319693851137891
50,1,0.2,40.0,0.010857782661332749,0.006157554390042914,2.4112621738181046,0.03296785091088824,0.450294571002208,0.006137617015769925,0.46115235366354074,0.0004951095172466737,37686.0,37434.333333333336,489.3333333333333,-0.6677534853977808,0.047435557691826905
50,2,0.05,10.0,0.005184443997374444,0.007037870509244345,1.4985431809935172,0.03010851317536453,0.34596560600524146,0.002848575393538865,0.3511500500026159,0.006435622699647344,34618.666666666664,34582.666666666664,127.66666666666667,-0.1039872311349075,0.01923011899924473
50,2,0.05,20.0,0.0034905260011631745,0.001270576750784047,1.00688411618574,0.0036588663048126562,0.3466661103351119,0.0004808375279850682,0.3501566363362751,0.0011760784630772535,35571.666666666664,35530.333333333336,129.66666666666666,-0.11619093931161184,0.038957179640129014
50,2,0.05,40.0,-0.0012563326648281081,0.0077304926481389,-0.3583337260748219,0.007902058657294927,0.3506040803331416,0.007574854457198875,0.3493477476683135,0.0015434042034359983,37444.666666666664,37354.666666666664,119.0,-0.24035195178959387,0.024460903463464495
50,2,0.1,10.0,0.005224735660400881,0.009612205703200542,1.4979588555025354,0.04113245418696995,0.348790331670898,0.008343904520152746,0.3540150673312989,0.004772185645929502,34727.666666666664,34632.333333333336,243.0,-0.27449297775130954,0.03172769773177209
50,2,0.1,20.0,0.004919085001650558,0.0017897022374627916,1.412030513983947,0.0072036411209186555,0.3483695963320012,0.001263606443077877,0.35328868133365177,0.0012674118729881767,35657.666666666664,35550.666666666664,254.66666666666666,-0.3000780576976916,0.01287959625866218
50,2,0.1,40.0,0.0029163966682972386,0.003276136932693952,0.8273812545150817,0.007675777142846934,0.3524852239982768,0.0028818096746350223,0.35540162066657405,0.0015582830939663438,37510.666666666664,37403.666666666664,261.3333333333333,-0.285208864757914,0.04388522528628184
50,2,0.2,10.0,0.008396464341785759,0.0008896488941546778,2.4113737087367215,0.00610570064657856,0.34820253332630574,0.0006982396732336125,0.3565989976680915,0.0005513043747271184,34910.666666666664,34718.333333333336,506.0,-0.5508617271922138,0.06718043397865095
50,2,0.2,20.0,0.015227176001644693,0.00967729750066532,4.3835914744471545,0.11710013942534,0.3473675886634737,0.0013791494856091875,0.3625947646651184,0.009578519385203915,35866.666666666664,35622.666666666664,492.6666666666667,-0.6802843705903948,0.047540496291991904
50,2,0.2,40.0,0.00719835733373958,0.006930293982850291,2.025305847334466,0.039364509357035005,0.35542075500416104,0.0063408673709667695,0.3626191123379006,0.002796851027949098,37694.333333333336,37457.666666666664,500.6666666666667,-0.6278579962500995,0.04059794039854468
50,4,0.05,10.0,-0.005603872996289283,0.00929018824720055,-1.8203493922309295,0.05494643939165984,0.3078460113320034,0.009236397169332122,0.3022421383357141,0.0009982810219456221,34631.666666666664,34566.333333333336,123.66666666666667,-0.18864931790166514,0.009742018882398784
50,4,0.05,20.0,0.003666896339079073,0.0019952094054881114,1.2098841796464164,0.007871942345835466,0.3030782946637676,0.00030977006846392703,0.3067451910028467,0.0019710157473830786,35569.0,35511.0,115.66666666666667,-0.16301863691806856,0.05488225580579258
50,4,0.05,40.0,0.008991940335060178,0.007685918161192726,2.97527624496902,0.07348697172970256,0.3022220323327929,0.0004571507010076383,0.31121397266785306,0.007672310683042,37424.0,37357.0,122.33333333333333,-0.17902267617868547,0.031181815678408484
50,4,0.1,10.0,0.005637705005938187,0.0014741212675051653,1.8630270680928362,0.009004821579135921,0.3026099353301106,0.0011149918854683424,0.3082476403360488,0.0009642751716448921,34727.666666666664,34632.0,246.33333333333334,-0.2754511645500323,0.043716592919761724
50,4,0.1,20.0,0.003250319331224716,0.0026544659243066568,1.0745116656110665,0.009384639126476446,0.3024926983343903,0.001976562499806729,0.305743017665615,0.0017718323926554026,35674.333333333336,35547.0,254.66666666666666,-0.35692235374801795,0.018871737136787414
50,4,0.1,40.0,-0.003831422004926366,0.008997327876860335,-1.2284895881832492,0.03544330251153643,0.3118807063389492,0.00896609738724729,0.30804928433402284,0.0007490037156953388,37529.333333333336,37375.666666666664,242.0,-0.40936589801291223,0.08603252437186543
50,4,0.2,10.0,0.003304226658656262,0.0008382481824385945,1.079684548609595,0.002933402562762353,0.3060363013355527,0.0004125639358674873,0.30934052799420897,0.0007296924106657099,34925.666666666664,34723.333333333336,490.6666666666667,-0.579281327623654,0.05442936960207858
50,4,0.2,20.0,0.0128403939985825,0.004822253469782829,4.233624492757116,0.06466426081819995,0.30329553366270073,0.0008450412910270689,0.31613592766128323,0.004747634541884183,35861.666666666664,35621.333333333336,507.0,-0.6701636954591453,0.036265156229483106
50,4,0.2,40.0,0.006968502338471183,0.0007855084924165086,2.2808067462442114,0.005756551462531244,0.3055279606633121,0.00033066876608640655,0.3124964630017833,0.0007125179006827474,37713.333333333336,37439.333333333336,489.6666666666667,-0.7265291090153024,0.027877783166022383
50,8,0.05,10.0,-0.008834160995320417,0.0023658616871699914,-2.120742616166385,0.012050110666114984,0.41655979032899876,0.002341968590245071,0.40772562933367834,0.00033538730614671814,34609.0,34576.666666666664,126.33333333333333,-0.09342430617245175,0.01389027790600755
50,8,0.05,20.0,1.0676997286906964e-05,0.0026447302141715326,0.002601714777051197,1.6766593375680146e-05,0.4103830819998014,0.0016725933339275057,0.4103937589970883,0.0020486652838014,35561.666666666664,35504.333333333336,130.66666666666666,-0.16122987859421042,0.03101078434702344
50,8,0.05,40.0,0.0077133433369454,0.005261652927310245,1.895358670376722,0.02405308824429396,0.40695956166503794,0.0004578181971952623,0.41467290500198334,0.005241697628229747,37402.333333333336,37344.333333333336,125.66666666666667,-0.1550669575577933,0.007034734680461392
50,8,0.1,10.0,0.005590880333329551,0.0010696189284446075,1.374881840876112,0.003586301247122955,0.40664442333218176,0.0006629693870815643,0.4122353036655113,0.00083937848666718,34704.333333333336,34618.0,244.66666666666666,-0.24876252350871386,0.01339331441518787
50,8,0.1,20.0,0.0009889180025007827,0.0028599392544078543,0.24189307157133905,0.0016917652342799236,0.4088244429973808,0.0027152050568157895,0.4098133609998816,0.0008982839408254595,35673.333333333336,35559.666666666664,251.66666666666666,-0.3185929065121804,0.05521268302716705
50,8,0.1,40.0,0.0018720103398663923,0.000620697701357255,0.4586343953620811,0.0006972270945838341,0.4081705076629684,0.0005998195389157466,0.4100425180028348,0.00015963131649235124,37547.333333333336,37398.333333333336,245.66666666666666,-0.39677904370149797,0.04991544794109682
50,8,0.2,10.0,0.010394239657519733,0.006614513769094411,2.548126177931428,0.040358195044702554,0.4079169920053876,0.0016690382151260219,0.41831123166290735,0.00640047684457873,34916.333333333336,34733.333333333336,514.3333333333334,-0.524094540991963,0.02717881518617762
50,8,0.2,20.0,0.006930630004111038,0.0029045256638389584,1.688425301393915,0.01190318544657961,0.41047892366865807,0.002559715642168702,0.4174095536727691,0.001372634388005784,35840.0,35630.333333333336,500.0,-0.5850098362463887,0.014123108563373397
50,8,0.2,40.0,0.004094941997512536,0.0005464857768420016,0.996310059897326,0.0013171150792906062,0.4110108050032674,0.00035322023666221463,0.41510574700077996,0.0004169918089158288,37702.0,37439.333333333336,515.3333333333334,-0.6966600005601876,0.03461203171564053
100,1,0.05,10.0,0.015638734330423176,0.0011252863473115266,2.083558957221276,0.0030666709243169538,0.7505779606678212,0.0003631125745497739,0.7662166949982444,0.0010650908983037798,69456.33333333333,69250.0,500.3333333333333,-0.29706537393334337,0.015115801545842562
100,1,0.05,20.0,0.008504833996994421,0.011323300968855669,1.1230744643854893,0.016792266077271814,0.7572813973335238,0.011305572759839526,0.7657862313305183,0.0006333793517807677,71338.33333333333,71101.33333333333,497.0,-0.33222018246265095,0.022033891912023765
100,1,0.05,40.0,0.02243747766866977,0.0017000622600215505,2.9887950211168763,0.006704865007628276,0.7507198556656173,0.0013952444647478707,0.773157333334287,0.0009713416348226865,75052.0,74797.33333333333,501.6666666666667,-0.33931890311438906,0.009868375599807314
100,1,0.1,10.0,0.036061069671025736,0.0009521419236765315,4.790837865191807,0.00590499080474829,0.7527090393317243,0.0006273182572270915,0.78877010900275,0.0007162723273811509,69822.66666666667,69458.0,1004.6666666666666,-0.5222543920588473,0.030483414078698944
100,1,0.1,20.0,0.03516978299497475,0.001651991836780798,4.663729254279105,0.009989103015512363,0.754112880002746,0.0011618728221502637,0.7892826629977208,0.0011743630503123711,71707.0,71256.0,1004.6666666666666,-0.6289487635229595,0.004923570712099129
100,1,0.1,40.0,0.039584881989867426,0.0016650566976263868,5.233392878419858,0.010995128290419782,0.7563904126727721,0.00047470833981246637,0.7959752946626395,0.0015959529436743993,75438.0,74871.66666666667,1027.6666666666667,-0.7506986003257307,0.04446913822890047
100,1,0.2,10.0,0.06471859768013621,0.00132243660890207,8.534670273437719,0.014876227215374039,0.7583022613252979,0.0013178670759686245,0.8230208590054341,0.00010984058740881916,70556.66666666667,69816.66666666667,1992.0,-1.0487769260327637,0.04257740782608963
100,1,0.2,20.0,0.06507801966411841,0.001986141110699684,8.538553466397573,0.020819892629112408,0.7621667993322868,0.0008343337495011382,0.8272448189964052,0.0018023994302192692,72518.0,71519.33333333333,1950.0,-1.3770753801660807,0.06711958222939934
100,1,0.2,40.0,0.06121812666727544,0.006588544564534359,7.8971762212343535,0.0666848203768043,0.7751900800018726,0.0062792381250194726,0.8364082066691481,0.0019950158014805756,76228.0,75139.0,2009.0,-1.4286066301416183,0.013081547736757492
100,2,0.05,10.0,0.008031468668680875,0.0054985213545060575,1.5542072484430336,0.016528719695231692,0.5167566086650671,0.005402024859952845,0.524788077333748,0.0010256044551436854,69423.66666666667,69253.33333333333,514.3333333333334,-0.2453535569375317,0.008972078029403596
100,2,0.05,20.0,0.007933998000225984,0.007345804607733966,1.5101770426864791,0.0209924480454751,0.5253687333315611,0.005719581183896192,0.5333027313317871,0.004609472466109999,71354.66666666667,71101.0,498.0,-0.35545905945084333,0.05336418552982377
100,2,0.05,40.0,0.01245985266480909,0.0024216311963606474,2.4011184473818568,0.01114307489982878,0.5189187013408324,0.002112722995137137,0.5313785540056415,0.0011835113844006172,75051.0,74752.0,517.0,-0.39837787415376646,0.04198268164388461
100,2,0.1,10.0,0.01804359332891181,0.004853984738691035,3.468852922574708,0.03196916709421757,0.52016022966806,0.0038416163300850374,0.5382038229969718,0.0029670105857359944,69822.0,69424.66666666667,992.6666666666666,-0.5690636660847616,0.0181576715403819
100,2,0.1,20.0,-0.002204432991372074,0.01229940911760594,-0.4083344581153258,0.009303159094390084,0.5398596536639767,0.012261293259362496,0.5376552206726046,0.0009675496112137753,71681.0,71277.0,1018.0,-0.5636029155311112,0.03564681321001644
100,2,0.1,40.0,0.0192227883332331,0.0035905308782189036,3.645079182334291,0.02467523382812447,0.5273627093314038,0.00328033542557003,0.5465854976646369,0.0014599011895308882,75440.33333333333,74898.0,990.3333333333334,-0.7188936352342559,0.02146238560362428
100,2,0.2,10.0,0.044748293672455475,0.010431390656470514,8.583892521877704,0.15828309809228194,0.5213053816599617,0.0008625635209439739,0.5660536753324171,0.010395667135890657,70593.33333333333,69822.66666666667,1978.3333333333333,-1.091689213742779,0.030798411374358823
100,2,0.2,20.0,0.0235753936576657,0.007834180446322454,4.363234855347077,0.06269358279429076,0.5403191540050708,0.006923367356287683,0.5638945476627365,0.0036662470887040854,72481.66666666667,71535.66666666667,1976.6666666666667,-1.305154431622075,0.027621084257891924
100,2,0.2,40.0,0.025278205997892655,0.015961220517287694,4.658716223169982,0.13701205746339098,0.5426002526655793,0.015921670990845724,0.567878458663472,0.0011229217518364107,76194.0,75109.0,2007.3333333333333,-1.423995957580244,0.009800750734955116
100,4,0.05,10.0,0.00450464766860631,0.01321158554928776,1.0978484959455317,0.035161961755767246,0.41031596666046727,0.009444247748240368,0.4148206143290736,0.00923862420471825,69429.33333333333,69257.33333333333,492.6666666666667,-0.2477320870554646,0.013183778790238347
100,4,0.05,20.0,0.013798016996588558,0.007415516377603646,3.437012376068909,0.06139571525175968,0.4014538060049138,0.0006786148397580891,0.4152518230015024,0.00738440011414387,71333.0,71109.33333333333,516.0,-0.3135366442829525,0.02837686171974113
100,4,0.05,40.0,0.009894067668938078,0.0011218428631234252,2.4461584270546983,0.006673286541138827,0.4044737069974265,0.0006247003913039896,0.4143677746663646,0.0009318158780819343,75040.66666666667,74753.33333333333,510.6666666666667,-0.3828830541731718,0.02897207823049813
100,4,0.1,10.0,0.014752389334413862,0.0029265029232584823,3.6668613053012806,0.02619610816033344,0.40231653466374456,0.0020481239911639007,0.4170689239981584,0.0020903606092392995,69818.66666666667,69450.33333333333,992.0,-0.5275548910613616,0.01288185288303795
100,4,0.1,20.0,0.013311159001508088,0.0026510613357692897,3.2859388827369616,0.021199082687997927,0.40509453999402467,0.0019661622568552593,0.41840569899553276,0.0017782947409607562,71724.66666666667,71276.33333333333,1023.0,-0.6250751371247336,0.016496406539614688
100,4,0.1,40.0,0.016022910674413082,0.007353232273170198,3.903905218909788,0.06816932126510224,0.41043288133126526,0.004168625188901833,0.42645579200567835,0.006057440787795198,75398.33333333333,74881.33333333333,997.0,-0.6856918062822605,0.006556055568881018
100,4,0.2,10.0,0.03367499367353355,0.009411895816055458,8.23737609375781,0.17855499655019677,0.4088072863281316,0.004458582908247838,0.4424822800016652,0.008288837150201617,70601.66666666667,69797.33333333333,1978.3333333333333,-1.1392484621470167,0.020513372013185042
100,4,0.2,20.0,0.01929038966773078,0.0012753905932438535,4.707736358713127,0.014326219796127873,0.4097593449987471,0.0009002473864981874,0.4290497346664779,0.0009034244896160895,72502.66666666667,71543.66666666667,1964.0,-1.3227054007438446,0.02153774654891405
100,4,0.2,40.0,0.02491853799438104,0.002395312443056807,6.041137003606118,0.03339519241074607,0.4124809283336314,0.0009351776861453006,0.43739946632801247,0.002205213004496094,76235.66666666667,75132.66666666667,1986.0,-1.4468147634856134,0.031403631461793556
100,8,0.05,10.0,0.003006990664289333,0.00444907642615578,0.6527284742244841,0.006300833807377083,0.46068017300179537,0.004283729171552201,0.4636871636660847,0.001201642804899931,69435.66666666667,69267.66666666667,514.6666666666666,-0.24194194546360723,0.023806073741109404
100,8,0.05,20.0,0.006810563330266917,0.0009148857271818679,1.4851680575548707,0.0029355246640325504,0.45857189667003695,0.0005520723423035598,0.46538246000030387,0.0007295423378149868,71319.66666666667,71101.66666666667,502.6666666666667,-0.3056591679944802,0.020086787403153884
100,8,0.05,40.0,0.006369193336771162,0.0028688518134196636,1.3893249032045523,0.008689185005453997,0.4584380026644794,0.002806992212619592,0.4648071960012506,0.0005925415138657043,75041.66666666667,74776.66666666667,499.0,-0.35312980687394285,0.014585619317825444
100,8,0.1,10.0,0.008622734661912546,0.0012636124352857535,1.8874552966264335,0.005150875132244935,0.456844444333304,0.0006649762904844709,0.46546717899521656,0.001074487282243166,69807.0,69427.0,982.3333333333334,-0.5443594558623924,0.013694214842271062
100,8,0.1,20.0,0.008565660003417519,0.0012926858791493308,1.8706782548062708,0.005278012446052966,0.45789060633008677,0.001271257282750693,0.4664562663335043,0.0002343964658551904,71744.66666666667,71270.66666666667,1001.0,-0.660671773421778,0.022367577756429148
100,8,0.1,40.0,0.006031084330364422,0.00599900655767133,1.298083829347678,0.016730042714196116,0.46461439500368823,0.005553427973069248,0.47064547933405265,0.0022688141014449814,75436.66666666667,74881.0,986.3333333333334,-0.7365955992845507,0.018784080947126115
100,8,0.2,10.0,0.008825498996884562,0.004175393228667335,1.8893427533881821,0.016694694458886133,0.46712005966401193,0.002575020852079198,0.4759455586608965,0.0032868185568051,70627.0,69817.0,2000.0,-1.1468500123839729,0.03743686332087114
100,8,0.2,20.0,0.008920452004531398,0.0013746182740519135,1.925570538281876,0.00570192440763544,0.4632628006705393,0.0012970953510709313,0.4721832526750707,0.0004551033394599948,72461.66666666667,71555.0,2037.3333333333333,-1.2512343003624873,0.023072608111328927
100,8,0.2,40.0,0.012600501669415565,0.005191053527807069,2.7034393157544523,0.029818576470208358,0.46609152999978204,0.004120479680802745,0.4786920316691976,0.0031573222719022413,76214.66666666667,75101.0,1983.6666666666667,-1.4612110394100164,0.025848829156747813
200,1,0.05,10.0,0.05775657733708295,0.007918759520767229,4.173586692290268,0.023767770514489188,1.3838595336662063,0.007421015854764687,1.4416161110032892,0.002763200324093924,139660.33333333334,138892.33333333334,1978.3333333333333,-0.5499004816786851,0.021179250681054033
200,1,0.05,20.0,0.07626930399176968,0.0020304438112830367,5.560008274465282,0.007992060875761263,1.37174803034092,0.0013540724802047139,1.4480173343326896,0.0015130068701528882,143463.33333333334,142523.66666666666,2002.6666666666667,-0.6549802199317681,0.025007153679998655
200,1,0.05,40.0,0.08168091032712255,0.0009434003947650355,5.933656951587313,0.00397457568588819,1.3765694746689405,0.000724338344461198,1.458250384996063,0.0006044321860937218,150859.33333333334,149744.33333333334,1985.3333333333333,-0.7390995849287204,0.007324151040089306
200,1,0.1,10.0,0.13884844967590948,0.0021978500266834713,10.018209547521845,0.015869105220671757,1.385960724990582,0.002183705913399904,1.5248091746664916,0.0002489442177975335,141234.33333333334,139642.66666666666,4035.0,-1.126964718499762,0.01714384342363784
200,1,0.1,20.0,0.14323050300299656,0.00290610331382738,10.323271619604578,0.021135574510909187,1.3874526243307628,0.00251719904911864,1.5306831273337593,0.001452289715502625,144965.66666666666,143103.0,3983.6666666666665,-1.2849019352540196,0.01339922589663067
200,1,0.1,40.0,0.15904486599902157,0.015569737753513243,11.353586197200013,0.11634621502763287,1.4008337386670366,0.007388744641097034,1.5598786046660582,0.013704859953382794,152469.0,150244.33333333334,4016.0,-1.459087260263452,0.021759050845567864
200,1,0.2,10.0,0.30484156266902573,0.024773616730146285,21.433936662199713,0.30858805070141354,1.4222378626630718,0.0030924849575222277,1.7270794253320976,0.024579841795253337,143877.33333333334,140971.33333333334,7921.666666666667,-2.019772086736914,0.008983046760433924
200,1,0.2,20.0,0.29368611533330613,0.015824201587379648,20.603082575677377,0.19211220171165413,1.425447450664554,0.003797407080962388,1.7191335659978602,0.01536180508076721,148046.33333333334,144237.66666666666,7951.0,-2.5725659180352767,0.05752191287808463
200,1,0.2,40.0,0.29689118433452677,0.003313793548373021,20.66821681186515,0.04559973973587695,1.436462502000116,0.0028264976248919813,1.7333536863346428,0.0017297800026935923,155576.0,151114.66666666666,8009.666666666667,-2.867618656265377,0.009745645295923942
200,2,0.05,10.0,0.0500179393323682,0.024630689935722105,5.767375469675602,0.1566639504554949,0.8672565120020105,0.010927154998912302,0.9172744513343787,0.02207415163351534,139606.66666666666,138896.0,2054.3333333333335,-0.5090479705578513,0.011420233083012528
200,2,0.05,20.0,0.04183880066557322,0.016018297941504438,4.806195927684612,0.08646903140256895,0.8705179999960819,0.011423472636883134,0.9123568006616551,0.01122898667989181,143447.66666666666,142482.66666666666,2005.3333333333333,-0.6727191744921575,0.01052489503858195
200,2,0.05,40.0,0.049465874990952785,0.004160084696210419,5.757519918152028,0.0274214768366097,0.859152477006622,0.00346331247276073,0.9086183519975748,0.002304728052431369,150844.0,149813.0,2020.3333333333333,-0.6834823196174648,0.019148066867796677
200,2,0.1,10.0,0.0857121646646799,0.0038583806238490217,9.920433504300796,0.04291027016126644,0.8639961613322763,0.0030895525309182553,0.9497083259969562,0.002311226124201215,141132.66666666666,139621.0,3983.0,-1.071086656783441,0.01909842652787818
200,2,0.1,20.0,0.07514239166145364,0.008227576708831051,8.651261197514453,0.08194928936596828,0.8685715290048392,0.008227504466594796,0.9437139206662929,3.4478281016746884e-05,144935.0,143075.0,4010.0,-1.2833339818250897,0.006636965229925281
200,2,0.1,40.0,0.1068700206669746,0.018863549676628545,12.340435858881769,0.2394377188348113,0.8660149599988168,0.0013705061009070237,0.9728849806657914,0.018813697654368997,152475.66666666666,150261.66666666666,3996.3333333333335,-1.452013630463208,0.047560913622057124
200,2,0.2,10.0,0.1463382459963517,0.004782938645570446,16.58758993809047,0.08068531251880857,0.8822152376718199,0.0024487964742917756,1.0285534836681716,0.004108515293240056,143893.66666666666,140952.0,7956.666666666667,-2.044285252975157,0.053198249602615225
200,2,0.2,20.0,0.1477612363281272,0.010831402781097553,16.570248238073333,0.19398221844386598,0.8917261480043331,0.009258768054895054,1.0394873843324604,0.005620898532443251,148115.33333333334,144267.0,8092.0,-2.5981103505755576,0.0706418879031878
200,2,0.2,40.0,0.15997656232502766,0.0031071644740791886,17.99863013099823,0.060109510327079646,0.8888263226738976,0.0025811746877985224,1.0488028849989253,0.0017297422640520754,155629.66666666666,151107.0,7977.0,-2.906025935993947,0.028122994550369387
200,4,0.05,10.0,0.03398471933420899,0.00444495256109068,5.68080496234907,0.04175022017472692,0.5982377420004923,0.003959309430485682,0.6322224613347013,0.0020202653548516214,139615.66666666666,138892.33333333334,2009.6666666666667,-0.5180845433758013,0.015943816566162686
200,4,0.05,20.0,0.028284320326444345,0.006301162062020804,4.728782731501203,0.04971582085095326,0.5981311033392558,0.006155276782453567,0.6264154236657001,0.0013480397112987212,143506.0,142511.33333333334,2056.0,-0.693113685873867,0.017329152129023202
200,4,0.05,40.0,0.03343659099967533,0.004862025399363706,5.512868887412728,0.04266485619229351,0.6065188866729537,0.002802744474340208,0.6399554776726291,0.003972897481135555,150891.66666666666,149724.33333333334,1958.6666666666667,-0.773621627963973,0.015516737546717733
200,4,0.1,10.0,0.048907628666105096,0.008090768265609276,8.057710188571136,0.10055706940498262,0.60696683699886,0.003025539422623652,0.6558744656649651,0.007503775205184405,141220.33333333334,139647.66666666666,3971.6666666666665,-1.1136218838797174,0.01586310861434097
200,4,0.1,20.0,0.05256978367591114,0.010487271730499844,8.598809442528882,0.1439848906755352,0.6113611893282117,0.008711596533333987,0.6639309730041228,0.005838745943243675,144995.33333333334,143071.66666666666,3986.6666666666665,-1.3267076041985695,0.011856422939794843
200,4,0.1,40.0,0.06522986766261363,0.010449410567945018,10.744248096828246,0.16925780421059705,0.6071143096730035,0.0036358355029637935,0.6723441773356171,0.009796472906759302,152454.33333333334,150206.66666666666,3932.6666666666665,-1.474295384041713,0.04015925682531039
200,4,0.2,10.0,0.09595768067326094,0.00803166739295452,15.770708815342898,0.18172373128469282,0.6084550909969645,0.0020106030666554604,0.7044127716702254,0.007775934440271763,143882.66666666666,140993.33333333334,8054.333333333333,-2.0081088737578674,0.023362224405446642
200,4,0.2,20.0,0.0789047880049717,0.008819802190068723,12.710359983695302,0.17959565525083176,0.620791134996883,0.008591414731299476,0.6996959230018547,0.001994117244986208,148154.66666666666,144284.66666666666,8027.666666666667,-2.612128731078531,0.010438780927400299
200,4,0.2,40.0,0.093162436329294,0.004303879815402701,15.078031673904855,0.10472447614354165,0.6178686870019495,0.004252716464745089,0.7110311233312435,0.0006616525794681206,155655.0,151133.66666666666,8027.666666666667,-2.9047121039033073,0.01166415619127238
200,8,0.05,10.0,0.02075869800561725,0.004952317514684396,3.643558859021144,0.031049208328856197,0.5697368646651739,0.003274659802501596,0.5904955626707912,0.0037151112963315167,139623.33333333334,138866.66666666666,1975.0,-0.5419352234123301,0.01063459825407825
200,8,0.05,20.0,0.032072870662280706,0.006947621216793197,5.710124795681456,0.06742229477550903,0.5616842330055078,0.0027397246393809846,0.5937571036677886,0.006384618193157968,143443.66666666666,142520.33333333334,2044.0,-0.6436880760527485,0.009038925032739653
200,8,0.05,40.0,0.017119870327102604,0.009125453143091012,2.9707619690896214,0.0467055010636163,0.5762787629986027,0.007897713702723751,0.5933986333257053,0.004571653238879684,150887.66666666666,149784.66666666666,1991.3333333333333,-0.730994945096695,0.029055089682295445
200,8,0.1,10.0,0.02325186566546711,0.002001062797156349,4.052592353233274,0.014033315269764516,0.5737528879981255,0.001805300134394833,0.5970047536635926,0.0008632170891016862,141216.66666666666,139649.0,4016.3333333333335,-1.110115445135331,0.009634746775194564
200,8,0.1,20.0,0.02569803832739126,0.001439575784472595,4.481683860255221,0.011193516278505882,0.5734014073435295,0.0013482797018688382,0.5990994456709208,0.0005045000344582388,144956.33333333334,143114.66666666666,4040.3333333333335,-1.2704564804519876,0.05351047950667907
200,8,0.1,40.0,0.03074224066707143,0.00850116034766571,5.382583566842979,0.07862418044923812,0.5711428403349904,0.006742986189658252,0.6018850810020618,0.005177051719154626,152428.66666666666,150221.0,3974.3333333333335,-1.4483255851005827,0.009356762428621778
200,8,0.2,10.0,0.04201983599826542,0.004016866007487684,7.223002865288403,0.04833060919680211,0.5817502329979712,0.0029302503326969313,0.6237700689962367,0.0027475162437808386,143813.33333333334,140975.0,8060.333333333333,-1.9736018650188474,0.044948496552416436
200,8,0.2,20.0,0.03986822033766657,0.002890894322676406,6.862451054650888,0.03392197557772052,0.5809618169975389,0.002733253004407007,0.6208300373352055,0.000941593329831274,148048.66666666666,144254.66666666666,8060.333333333333,-2.562657129035609,0.04240200908156316
200,8,0.2,40.0,0.04581028000393417,0.0027926429891312055,7.907569432460049,0.037769471996813436,0.5793218813341809,0.002606010140584982,0.6251321613381151,0.0010037758773311482,155653.33333333334,151118.0,8039.333333333333,-2.913732962601772,0.02443778671314051
500,1,0.05,10.0,0.4822906613359619,0.03211268219449396,14.46053988142073,0.1253244809490567,3.335218914997919,0.014297536333282283,3.817509576333881,0.02875421382203037,354971.3333333333,349971.3333333333,12458.666666666666,-1.4085618508294842,0.012149916140752542
500,1,0.05,20.0,0.474550765337578,0.009113472118639068,14.23252802616603,0.034526314800682405,3.3342689679945274,0.0027566158501366265,3.8088197333321054,0.0086865668196352,364435.0,358462.6666666667,12525.333333333334,-1.6387864309533668,0.015494671091133115
500,1,0.05,40.0,0.5132653223408852,0.0018732746939380727,15.350664893410828,0.008384837018419673,3.3436031983292196,0.0016763912319272072,3.8568685206701048,0.0008359847585131922,382998.6666666667,376140.3333333333,12396.0,-1.7906901430309297,0.01776504442632772
500,1,0.1,10.0,0.8751319963339488,0.014900782035232428,25.439091487374338,0.10136672171903245,3.440107115335801,0.011330832275097293,4.31523911166975,0.009677062840300198,362560.6666666667,353984.3333333333,25120.0,-2.365475686976355,0.021259698259600623
500,1,0.1,20.0,0.9105901933313967,0.03147263323373869,26.296739063332385,0.197983190647858,3.4627494729987425,0.012541325944766367,4.373339666330139,0.028865927773285983,374311.0,362038.3333333333,24966.333333333332,-3.278732844699855,0.007669716354360231
500,1,0.1,40.0,0.9683549046652238,0.004112075134441508,27.888126319109457,0.032299206044652515,3.47228384433159,0.003874689703910425,4.440638748996814,0.0013769319553640594,393077.3333333333,379023.6666666667,24937.333333333332,-3.5752668839622572,0.035217385121695456
500,1,0.2,10.0,1.6897930850051734,0.053822886282206286,45.61921846781236,0.6579668301788728,3.7041254579962697,0.05306675334340018,5.393918543001443,0.008990148905220428,374689.0,359042.3333333333,49960.666666666664,-4.1758846538325125,0.05041858599341129
500,1,0.2,20.0,1.7838163253278858,0.01714757893907343,48.59304566953127,0.17502997469225162,3.6709292466645516,0.00872669092921957,5.454745571992437,0.014760905422691102,388912.6666666667,367965.0,49820.666666666664,-5.386208117416288,0.029654412515293552
500,1,0.2,40.0,1.857304030995389,0.015264748877116395,49.9455333884348,0.14466739093862732,3.7186589170062994,0.004722034321107634,5.575962948001688,0.014516023909862777,413209.3333333333,384221.6666666667,49957.0,-7.015222489650648,0.037174034891843
500,2,0.05,10.0,0.22048540000105277,0.0033638522738238257,11.852464815242742,0.019589226744308238,1.8602493526705075,0.0014263435110882963,2.0807347526715603,0.003046480971298858,354929.0,349982.6666666667,12379.333333333334,-1.3936092739543975,0.010305740207260944
500,2,0.05,20.0,0.2428796213353055,0.0021753793794207516,13.056004267109996,0.013539895776819225,1.860290609334091,0.00029983196675710137,2.1031702306693965,0.002154617422216664,364584.6666666667,358465.0,12547.333333333334,-1.678531045979679,0.005014766861896637
500,2,0.05,40.0,0.2677289183338869,0.010313753934668341,14.342646370095538,0.07195223617247457,1.8666633159979635,0.00518900954161783,2.1343922343318504,0.008913343940513336,383047.3333333333,376176.3333333333,12454.0,-1.7937598062850446,0.02818733504367908
500,2,0.1,10.0,0.4473581060010472,0.0035124591298562086,23.504889379782053,0.04280539928033563,1.9032555260006727,0.0033760095283543548,2.35061363200172,0.0009694992539300071,362466.6666666667,353924.3333333333,25073.0,-2.356723669323324,0.00721922826524262
500,2,0.1,20.0,0.4315918599992681,0.025891986573875005,22.226877731944214,0.29398799442058154,1.9417565759989277,0.02525463598067495,2.373348435998196,0.005709494743435878,374265.3333333333,362027.0,25005.0,-3.2699579388830045,0.014500658166222225
500,2,0.1,40.0,0.462055842668633,0.01348301320362337,23.738955650135917,0.15937405865347742,1.9464034116681432,0.012246651340286845,2.408459254336776,0.005640139714451458,392958.3333333333,378969.0,24986.666666666668,-3.5600015547145873,0.013595343730535133
500,2,0.2,10.0,0.8812428616705197,0.01779984777679793,44.02436987341993,0.2720726984197443,2.001716013663099,0.0007501873864617336,2.882958875333619,0.017784032157032663,374700.0,358999.6666666667,49917.333333333336,-4.190109209307025,0.018244173189739765
500,2,0.2,20.0,0.883653074663016,0.016277614077485063,43.44592912190445,0.2688896845547852,2.0339145520022917,0.007600241905090942,2.9175676266653077,0.014394340660121931,389082.0,368027.0,49906.666666666664,-5.411454452041941,0.01539741345199534
500,2,0.2,40.0,0.9102794413289912,0.02076973488732119,43.815346083080065,0.4307252597920151,2.077535664337726,0.02009328922715891,2.987815105666717,0.005257529393483857,413180.3333333333,384257.0,50126.0,-7.000156339881801,0.027189234754725174
500,4,0.05,10.0,0.09541052533313632,0.01909162337913484,8.239871698117822,0.1349439211555931,1.1579127543324528,0.01819582640682532,1.253323279665589,0.005779445009982041,354956.6666666667,349990.6666666667,12411.333333333334,-1.3990438740704398,0.003168745092328114
500,4,0.05,20.0,0.12582201266195625,0.017038982779710873,10.977707209907036,0.1541476366578303,1.1461593049995524,0.011129638658790606,1.2719813176615087,0.01290186333410943,364477.0,358511.3333333333,12539.0,-1.6367696103946139,0.017597315656325822
500,4,0.05,40.0,0.1352527220005868,0.005026133047892553,11.923637642118088,0.04986961634231137,1.1343243233325968,0.0034069326392825454,1.2695770453331836,0.0036952433487537676,383091.6666666667,376161.6666666667,12573.0,-1.8089541842230437,0.02180473620566888
500,4,0.1,10.0,0.233354959336187,0.006482515082170657,20.227222924899067,0.11188311972518801,1.1536678079961955,0.00614801447142562,1.3870227673323825,0.0020554609822886908,362434.3333333333,353852.0,25030.0,-2.367961304801629,0.025674604267546197
500,4,0.1,20.0,0.24037059466839628,0.005425535657555989,20.818114475207576,0.09273023833474717,1.1546223119997496,0.004467244661172745,1.394992906668146,0.0030789872212523242,374263.3333333333,362053.3333333333,25052.666666666668,-3.2624081765201587,0.0031398472439135815
500,4,0.1,40.0,0.2595913793387201,0.009146390203491124,22.27680152514844,0.1524701142579752,1.1652991523296805,0.004809489609577467,1.4248905316684006,0.0077797984196176185,393021.6666666667,378853.6666666667,24806.0,-3.6048842583639042,0.015010010917555158
500,4,0.2,10.0,0.45999373267113697,0.0032671023957545984,38.628093905620815,0.08479199124791442,1.1908268986686987,0.0016327039718831583,1.6508206313398357,0.002829882648546119,374687.0,359033.6666666667,50064.666666666664,-4.1776934590512065,0.01876075742094784
500,4,0.2,20.0,0.49455244999747583,0.009922144992489099,41.268755022650176,0.24466496912602767,1.1983701706679615,0.0015148275596728177,1.6929226206654373,0.009805827793533404,389182.3333333333,368049.3333333333,50017.666666666664,-5.430097410817706,0.026441012474400668
500,4,0.2,40.0,0.4962574383292424,0.00530446312923776,40.51609595816064,0.14846075393123384,1.224840218666941,0.00345536677414837,1.7210976569961833,0.004024645269530513,413127.0,384125.0,49799.666666666664,-7.020091368970616,0.034966335822901456
500,8,0.05,10.0,0.07043666966880369,0.0076238988496485065,8.311974004676443,0.07237771284427134,0.8474120543348059,0.005764200260130932,0.9178487240036096,0.004989772442785172,354875.0,350000.3333333333,12393.0,-1.3736275054063893,0.007814651929415856
500,8,0.05,20.0,0.07607802199587854,0.01809339101430414,8.901814808998731,0.17468990069046664,0.8546349663326206,0.0057819824964196,0.9307129883284991,0.017144663216511407,364413.6666666667,358467.6666666667,12427.666666666666,-1.6316577239094254,0.016238157906761766
500,8,0.05,40.0,0.06833207600478397,0.0026565677719651067,8.01604730890876,0.023670291349654923,0.8524410269989554,0.001417737871456406,0.9207731030037394,0.0022466356301995014,383108.0,376121.3333333333,12352.0,-1.8236757192061912,0.02186371645810668
500,8,0.1,10.0,0.1346158223313978,0.0042065055347556245,15.786144641617645,0.06728310682000989,0.8527466673306966,0.0002104806531451174,0.9873624896620944,0.004201236330960365,362484.6666666667,353942.6666666667,25229.0,-2.3565119814845765,0.006563345422214447
500,8,0.1,20.0,0.13358941666471458,0.007149301261455453,15.432877463463646,0.12698606204206062,0.8656157413352048,0.007041395813162145,0.9992051579999194,0.0012374382931811768,374322.6666666667,362034.0,24972.333333333332,-3.282905540227036,0.015714995310562183
500,8,0.1,40.0,0.10115914366906509,0.013416542927000926,11.28027667407943,0.1677706369163869,0.8967789229985405,0.013001781545311508,0.9979380666676055,0.0033101813787246824,392978.3333333333,378916.6666666667,25047.666666666668,-3.5782279141088225,0.012037217476596512
500,8,0.2,10.0,0.22976475799320428,0.012474436980829893,25.72487990851941,0.34937038624963945,0.8931616350018885,0.011512863943048193,1.1229263929950928,0.0048026598690264575,374788.0,359060.6666666667,49911.666666666664,-4.1963155653675095,0.021175320387318213
500,8,0.2,20.0,0.3020747620078813,0.011648622953130348,33.72690386996702,0.3831850836271548,0.8956492513292081,0.007922892480954869,1.1977240133370894,0.008539214919383632,388878.3333333333,368026.6666666667,50007.0,-5.361994924990776,0.012334879697857468
500,8,0.2,40.0,0.2497549940017052,0.015257742258590095,27.3817150639124,0.43832353333903995,0.9121232670004247,0.013479857423076011,1.1618782610021299,0.007147876795462307,413075.3333333333,384221.3333333333,49848.666666666664,-6.985148896076001,0.034914900020995045
1000,1,0.05,10.0,2.992551882654272,0.09524480793479584,36.20537116730303,0.33130240803673877,8.265491517338281,0.0424520365897712,11.258043399992554,0.08526076487996619,724974.6666666666,707858.0,50124.0,-2.360963689979043,0.047149387731543944
1000,1,0.05,20.0,3.0844968793389853,0.15379669605184834,37.53763518000133,0.6883263583951799,8.2170783123341,0.1470980175342676,11.301575191673086,0.04489540014247474,748784.6666666666,724011.0,49878.0,-3.3085107303435937,0.017112228095488013
1000,1,0.05,40.0,3.5241220133320894,0.19370211849222066,43.88417570955692,1.0535370359180507,8.030507481002132,0.19193414896921626,11.554629494334222,0.02611116940768814,785907.3333333334,757799.0,49788.666666666664,-3.576542893169499,0.013300233407703633
1000,1,0.1,10.0,5.789452298001077,0.0794527996074304,68.45034727978761,0.4222937288963152,8.457885939331996,0.027730948031084904,14.247338237333073,0.0744563085759411,749602.0,718417.0,100086.66666666667,-4.160167922298534,0.04074751189736979
1000,1,0.1,20.0,6.361991173330656,0.17645326540621176,75.1181638379228,1.4349000120517503,8.469311346663744,0.1541793722721783,14.8313025199944,0.08581652543812332,778481.0,735948.6666666666,100012.33333333333,-5.46349380418205,0.01907988566655186
1000,1,0.1,40.0,6.2743998133276655,0.22129259995158043,70.62726211536024,1.7576102614153126,8.883821382002983,0.2209691318059238,15.158221195330649,0.011960668136290584,826258.6666666666,768358.0,99966.66666666667,-7.007567119763816,0.013838977576894432
1000,1,0.2,10.0,10.271098340672323,0.11635917270161875,107.22369542065438,1.1502117298550976,9.579131087002073,0.09825651195098045,19.850229427674396,0.06233069012157634,800498.0,734207.6666666666,199987.66666666666,-8.28113333546951,0.015223378139086424
1000,1,0.2,20.0,11.451792718663153,0.14067618386003922,117.6095566686573,1.3023649212095587,9.737127698666882,0.09716413198764769,21.188920417330035,0.10172964248689038,835644.3333333334,754543.0,199868.66666666666,-9.705211216213291,0.04182509532528972
1000,1,0.2,40.0,11.902627919659912,0.14281353525282087,117.59452796493667,1.5300337223045957,10.121753219000917,0.12855496913773395,22.02438113866083,0.06220390471188264,894353.0,785976.6666666666,199882.0,-12.117838118686981,0.02498115184475985
1000,2,0.05,10.0,0.8946317586620958,0.07439877586650287,24.322399166224212,0.46669130678294657,3.678221677672506,0.06297205244849836,4.572853436334602,0.03961942024888429,724891.6666666666,707803.3333333334,50034.0,-2.357348523701019,0.028317357666046768
1000,2,0.05,20.0,0.9676724826616314,0.02631311340277236,26.716239214580472,0.16660265015378972,3.622038547002982,0.014469226819252721,4.589711029664613,0.021977748114858725,748840.3333333334,724093.0,49999.333333333336,-3.3047482466222307,0.018234485248821833
1000,2,0.05,40.0,0.9662097519903905,0.06348803536247516,26.06329233326638,0.4216166214066538,3.7071669213376786,0.05347044946562409,4.673376673328069,0.03422925164433247,786150.3333333334,757905.0,49979.666666666664,-3.5928637337924605,0.012302990952374904
1000,2,0.1,10.0,1.836264630993052,0.0800678280550926,47.140431294677214,0.8364067012837947,3.89530723534214,0.05808696841339775,5.731571866335192,0.05510681618457744,749176.0,718324.3333333334,100129.33333333333,-4.11807910439991,0.015200589658650891
1000,2,0.1,20.0,1.833777899669561,0.03736969951580138,47.28528357786777,0.36703315264333064,3.8781154746587467,0.022063534566289875,5.711893374328308,0.03016114859124927,778649.3333333334,736071.0,100176.0,-5.468226036452454,0.012900595955378326
1000,2,0.1,40.0,1.9887588019967852,0.041652307464015034,50.77180049356369,0.4172123566501396,3.917053921002662,0.022072245667680714,5.905812722999447,0.03532323156595943,826418.0,768375.0,100019.33333333333,-7.023441479279351,0.006878785724164093
1000,2,0.2,10.0,3.6543160756603656,0.05632742304175229,84.32681744466652,0.7612486787645978,4.333515940001234,0.02907557297927269,7.9878320156616,0.04824302687903729,800515.6666666666,734123.0,199816.66666666666,-8.293735763177414,0.010321288738764388
1000,2,0.2,20.0,3.952938241990827,0.09660725687196314,89.60823743940192,1.3104849577539333,4.411355869669933,0.04657866475195891,8.36429411166076,0.08463681273683508,835444.6666666666,754635.3333333334,200194.0,-9.67259946301899,0.03008485935917624
1000,2,0.2,40.0,3.989165208661386,0.05347163699596705,88.6078605077669,0.752444505021463,4.502044385003198,0.030249909065218097,8.491209593664584,0.04409261802812924,894636.3333333334,786004.0,200107.0,-12.14261678098242,0.024069740896859045
1000,4,0.05,10.0,0.5304153753337837,0.06056168575683345,26.110396855290084,0.6378616908102416,2.0314336019995003,0.020540834779023416,2.561848977333284,0.056971851718987554,724808.0,707849.0,49983.666666666664,-2.339785262915933,0.02276405930114662
1000,4,0.05,20.0,0.47032536034142414,0.019341202381165604,22.73937210128644,0.2036131121214627,2.0683304633324346,0.01678194410900142,2.538655823673859,0.009615012297005067,748685.0,724007.0,49846.333333333336,-3.296176662895249,0.015352138376242155
1000,4,0.05,40.0,0.5097098239978854,0.02035402691526601,24.491578159019237,0.22603062121804685,2.0811636583336317,0.01692226612357153,2.590873482331517,0.01131031922230299,785610.6666666666,758015.3333333334,50041.333333333336,-3.5125931524810756,0.013277932890598587
1000,4,0.1,10.0,0.9827857553367116,0.0583667459622026,45.76587715843711,0.8590949022385038,2.1474203409986026,0.006388802424291668,3.130206096335314,0.05801603431638238,749599.6666666666,717910.0,99897.66666666667,-4.227526499793548,0.0278222169069886
1000,4,0.1,20.0,0.9264125903379559,0.02829820508124745,42.06611830822027,0.5157393421109886,2.202277337666601,0.025662045512784514,3.128689928004557,0.011926769508970777,778396.6666666666,735949.0,99907.33333333333,-5.453207299930206,0.021913488026155722
1000,4,0.1,40.0,1.0728811106625167,0.04011145493501277,48.81922374231646,0.6079691048823519,2.197661143334699,0.006414051264895387,3.2705422539972155,0.03959531239142904,826500.3333333334,768478.0,100034.66666666667,-7.020242541053535,0.005977525878486519
1000,4,0.2,10.0,1.9229095996658239,0.030362657252555856,80.29290005287044,0.6231416984093988,2.3948687846617154,0.009450618971169509,4.317778384327539,0.028854406188621413,800360.3333333334,734173.3333333334,199758.33333333334,-8.269650330044781,0.002709319938530212
1000,4,0.2,20.0,2.0065853633277584,0.028296511641791203,82.22460181517829,0.9170833019772945,2.4403710313345073,0.026740440101746466,4.446956394662266,0.009254265733105713,835465.3333333334,754844.3333333334,200118.66666666666,-9.64983262117965,0.0030572113954560527
1000,4,0.2,40.0,2.0440537616668735,0.05284357650170244,81.43247329170794,1.1436896985143399,2.510121182669536,0.02380466048856899,4.55417494433641,0.047178191111097514,894779.6666666666,786052.0,200294.0,-12.151330870942674,0.014470235450709478
1000,8,0.05,10.0,0.21040174200606998,0.025331948996020964,15.851021455104416,0.30227422943103965,1.3273702429966459,0.025255777535553248,1.5377719850027158,0.001962992871013887,724813.6666666666,707834.6666666666,50129.333333333336,-2.3425324598672734,0.0024547779622021504
1000,8,0.05,20.0,0.26438027866728,0.020264798065466487,20.050412752761414,0.26126794015747173,1.318577736664641,0.005792413828733414,1.582958015331921,0.01941931983028325,748868.6666666666,724171.3333333334,50357.0,-3.297949713922075,0.013796386874325004
1000,8,0.05,40.0,0.25573283633275423,0.022407313986776083,19.057052251191294,0.29945767299702913,1.3419328076658228,0.017523417911557038,1.597665643998577,0.013964868234211631,785850.0,757867.3333333334,50093.333333333336,-3.560813295658322,0.010144057714901344
1000,8,0.1,10.0,0.5057005683289997,0.014973233155537622,36.58960489118849,0.3736757010601769,1.3820880816638237,0.01305293410183012,1.8877886499928234,0.007336117669678661,749414.0,718280.6666666666,100275.66666666667,-4.154352222066977,0.012585147367172873
1000,8,0.1,20.0,0.46782451132700476,0.02257161230476151,32.85255958989582,0.4827340938098231,1.4240123666677391,0.0185518027008495,1.8918368779947439,0.012857227484384585,778711.6666666666,736008.0,99873.33333333333,-5.4838794118299825,0.016456215351737483
1000,8,0.1,40.0,0.5391532626672415,0.014806072949634758,38.782617881932694,0.3574301440810846,1.3901930609960498,0.010232157637782797,1.9293463236632913,0.010701530089920286,826460.0,768223.3333333334,99940.33333333333,-7.0465155294478095,0.015395382166086286
1000,8,0.2,10.0,0.9599093403327668,0.01986239844219173,62.42540296539706,0.7572339353722181,1.5376902586673775,0.01787377477576961,2.4975995990001443,0.008662739009195793,800560.6666666666,734149.6666666666,199978.33333333334,-8.295558162312574,0.013147355535481822
1000,8,0.2,20.0,1.0176052726601486,0.016702913193700635,66.28757457728783,0.7105594793082687,1.5351372850030505,0.01631393617481916,2.552742557663199,0.003583684645755755,834859.0,754651.6666666666,199926.66666666666,-9.607282809703177,0.021629266859477934
1000,8,0.2,40.0,1.0807564439989314,0.02381558456267145,70.82063480069442,0.8606385282309965,1.526047382998513,0.015083606575450801,2.6068038269974445,0.01843005373673045,894474.6666666666,785892.6666666666,199584.33333333334,-12.139185678138821,0.018501990756583892
2000,1,0.05,10.0,12.04228204700242,0.1741179193535324,48.07687016263312,0.33276014765813466,25.04797422599707,0.1727358290079097,37.09025627299949,0.02189482169266035,1499991.6666666667,1436722.6666666667,199704.66666666666,-4.2179547476356305,0.012167092545123456
2000,1,0.05,20.0,12.654387292340594,0.13871114088156009,50.62018835615682,0.26800298928742416,24.998696573995403,0.12711699181246897,37.653083866336,0.055516222829121865,1556843.6666666667,1472180.3333333333,200289.66666666666,-5.438137845959137,0.009847329351458977
2000,1,0.05,40.0,13.889174460331564,0.10115291580329956,55.252461959984615,0.15903744008703224,25.137657160671854,0.041140144932617514,39.02683162100342,0.09240887863421261,1653252.6666666667,1536721.0,200043.33333333334,-7.048629242621029,0.008202987884801081
2000,1,0.1,10.0,23.227891606327226,0.09719361741133482,84.55929200094519,0.2917162684424792,27.46935441000096,0.09373711866160145,50.69724601632819,0.025689528032289292,1601349.0,1468443.6666666667,400445.0,-8.299584643523003,0.007547274675103858
2000,1,0.1,20.0,24.861356857999148,0.36328811893878177,88.79702260180441,0.6514601645179906,27.997962239664048,0.08473532776353863,52.859319097663196,0.35326786096513807,1672258.6666666667,1509325.3333333333,398944.3333333333,-9.743308032577586,0.011523490148410816
2000,1,0.1,40.0,25.794753059992214,0.2708189361505121,90.72905329321922,0.4763575514031238,28.43053258434035,0.05406976784898282,54.225285644332565,0.26536645677713727,1789768.6666666667,1572184.0,399830.3333333333,-12.157136169003694,0.014426203026547558
2000,1,0.2,10.0,43.96123497467003,0.6388825375324574,129.15029706370328,1.2109947287690803,34.03881831799905,0.17266977641020118,78.00005329266908,0.6151065314873213,1895280.6666666667,1524804.3333333333,800200.3333333334,-19.547303569395737,0.013672770099230616
2000,1,0.2,20.0,45.05095777033906,0.3906314774255648,134.36747107371892,0.693468922700499,33.52817271199698,0.05141027619082298,78.57913048233604,0.387233695147598,1993774.0,1565829.6666666667,800409.3333333334,-21.464025239684172,0.017995688677139507
2000,1,0.2,40.0,47.759541800997496,0.15463232323038162,134.93055545241162,0.37851557527559243,35.395646035001846,0.08215820770887466,83.15518783599934,0.13100070340914444,2157198.6666666665,1631093.3333333333,800266.6666666666,-24.388328828615627,0.031732695735877885
2000,2,0.05,10.0,6.181932699003179,0.06952580142581788,74.84565746655596,0.5456965204038882,8.259574313667448,0.05513209805403103,14.441507012670627,0.04235904659058048,1498844.6666666667,1436578.0,199925.33333333334,-4.154311752000862,0.021826136101043062
2000,2,0.05,20.0,6.6707472540098625,0.035136926937087434,78.97655997443738,0.31436121680562656,8.446490016998723,0.032909516815848916,15.117237271008586,0.012311268721361656,1557191.0,1472214.6666666667,200007.66666666666,-5.457025784054149,0.008350578287308919
2000,2,0.05,40.0,6.864859084666628,0.1218470840702944,80.18417467849206,0.7996442982102214,8.561364024998815,0.06265633882903401,15.426223109665443,0.10450308656195124,1653002.6666666667,1536929.6666666667,200502.0,-7.0219485280098715,0.003754875451760075
2000,2,0.1,10.0,10.401641741996476,0.1245593465538311,107.15622030113448,1.2285103974671803,9.706988276336537,0.10692925874008995,20.108630018333013,0.06388399204192151,1601152.3333333333,1468700.3333333333,400613.0,-8.272290637927474,0.014784730695987893
2000,2,0.1,20.0,11.38718351699936,0.17894204104815878,112.4714691077377,1.6775929767955584,10.124508559669872,0.1420679137500912,21.51169207666923,0.10879780299793551,1671155.6666666667,1509359.0,399948.0,-9.681695215139436,0.037002325456838916
2000,2,0.1,40.0,12.31504097933551,0.07438101200660781,119.8944253386103,0.6453408995117674,10.271570962999249,0.04910379160347799,22.58661194233476,0.05586906655108297,1789748.3333333333,1572255.3333333333,399650.3333333333,-12.152155263804216,0.0025988035766680946
2000,2,0.2,10.0,17.958059392340754,0.16132246861747754,140.84585377958214,1.256847546440649,12.75015125432401,0.10109697998615573,30.708210646664764,0.1257153113925104,1896111.3333333333,1524852.0,800117.0,-19.5800109899634,0.03429273289278193
2000,2,0.2,20.0,19.327340093329745,0.07762404501589966,145.3608357171535,0.5694568070521261,13.296112393669318,0.04531405531014115,32.623452486999064,0.06302482650495664,1993091.3333333333,1565900.3333333333,800224.3333333334,-21.433575998823073,0.02452459770543564
2000,2,0.2,40.0,21.206117823666617,0.06769715907338807,152.8098179951413,0.7414065482558956,13.87745768033104,0.06726286505010358,35.08357550399766,0.0076558691119403425,2155878.0,1630656.0,799796.0,-24.362317873740835,0.020660382983210997
2000,4,0.05,10.0,1.9729708390029068,0.024766280704443852,50.522334285855365,0.25244527746984313,3.9051458466662248,0.014034480199868344,5.878116685669132,0.020405931134128905,1499469.0,1436362.0,199689.33333333334,-4.208605846628623,0.0279019013638878
2000,4,0.05,20.0,2.0447357833327264,0.028727084149089595,51.8848323808916,0.3323796083881312,3.9409123813335705,0.022216823152482502,5.985648164666297,0.018211483539794116,1557074.3333333333,1472094.6666666667,200072.33333333334,-5.457642822193532,0.022655197454790752
2000,4,0.05,40.0,2.127655847337641,0.025219605960076198,53.13976144197872,0.23985614009008976,4.003886712326978,0.009827771904555214,6.131542559664619,0.023225921384813695,1652927.0,1536848.0,200215.66666666666,-7.0226308988222454,0.012210496708861889
2000,4,0.1,10.0,3.9083822040023124,0.04318416408925926,88.15039280903054,0.4703460742025748,4.433766066669098,0.006769238451861371,8.34214827067141,0.04265031581207706,1601133.6666666667,1468350.3333333333,399552.3333333333,-8.293081028078307,0.006956587993340291
2000,4,0.1,20.0,4.060699689662822,0.03563792682355161,89.81903708526559,0.5231432915888157,4.520978872004586,0.02172191695436161,8.581678561667408,0.028252790165019755,1670916.3333333333,1509400.3333333333,400266.3333333333,-9.666258180731472,0.05641360554725906
2000,4,0.1,40.0,4.127592652002932,0.05715018305184341,87.90108357818177,1.0063602753987344,4.695724425662775,0.05236035697139702,8.823317077665706,0.022902760547302704,1789936.6666666667,1572053.3333333333,400066.3333333333,-12.172684149800594,0.011390116424625299
2000,4,0.2,10.0,7.209719298349227,0.035961187355103744,119.06051460617006,0.3545689881362632,6.055508261658058,0.008390071786981862,13.265227560007284,0.03496875307182348,1894869.0,1524878.0,799998.0,-19.525887475868537,0.045946383774617836
2000,4,0.2,20.0,7.421053340333553,0.030566989325175115,118.58816226318025,0.32186579886422695,6.257836531663391,0.010841134419276616,13.678889871996944,0.028579899245948108,1992991.3333333333,1566054.6666666667,799594.0,-21.4218705444034,0.03671848120151733
2000,4,0.2,40.0,7.738922565336301,0.06935515405860836,118.33738474510649,0.6050872720601601,6.539710660334094,0.011752630114085508,14.278633225670395,0.0683521256428415,2156591.6666666665,1630924.6666666667,800463.3333333334,-24.37488412823984,0.020861548419462295
2000,8,0.05,10.0,1.0687810176605126,0.010345246027861443,47.421261198872365,0.15216302274137114,2.2538013343388834,0.0023789240035647988,3.322582351999396,0.010068010526526389,1499551.3333333333,1436723.6666666667,199868.33333333334,-4.189755841040188,0.018556450611644227
2000,8,0.05,20.0,1.0981435916619375,0.03368135087005143,48.00668343233903,0.6148901724848798,2.2874806446682974,0.025032316988345852,3.385624236330235,0.022534784281782825,1557012.0,1472025.0,200038.33333333334,-5.458338896002359,0.0050239723845024
2000,8,0.05,40.0,1.1398750446678605,0.0176273138570494,49.14134674526937,0.30817093364941983,2.3195844643341843,0.011429490196627588,3.459459509002045,0.01341972233915887,1652885.6666666667,1536787.6666666667,199982.66666666666,-7.023955518745041,0.011901589807120184
2000,8,0.1,10.0,2.2880699453429165,0.030792044397724067,89.91965368656263,1.0128248894933878,2.544571571993098,0.027800525467591514,4.832641517336015,0.013239364860793199,1601400.3333333333,1468348.3333333333,400053.6666666667,-8.308477175304626,0.00782155801860492
2000,8,0.1,20.0,2.3701235840077666,0.01680310864746652,92.63531129325344,0.48639748818816436,2.5585530516594495,0.011953959198601812,4.928676635667216,0.011808781465364121,1671851.3333333333,1509693.6666666667,399518.3333333333,-9.699261007023003,0.03199524880288544
2000,8,0.1,40.0,2.5261387250017533,0.05308713373608839,96.15070515833844,1.1736308266797837,2.6272700973349856,0.01999632177139587,5.153408822336739,0.049177137817568585,1789458.0,1572431.3333333333,400267.6666666667,-12.128064892216193,0.012506263044932471
2000,8,0.2,10.0,4.033073001322919,0.042946381300329524,112.85766923148503,1.0936364769242506,3.5735923210061933,0.03188224296021037,7.606665322329111,0.028773499102810032,1894887.3333333333,1524883.6666666667,799244.0,-19.52641794457299,0.012414652452437565
2000,8,0.2,20.0,4.210351861319699,0.033753674152597744,114.1699593452195,0.5837906996351226,3.6877930810054145,0.01170842917113244,7.898144942325113,0.031657909045676405,1992817.6666666667,1565980.3333333333,800257.3333333334,-21.418742192189757,0.044609261352532674
2000,8,0.2,40.0,4.424187456999789,0.007595416052671223,116.12551165210097,0.18110394018294843,3.8098324769962346,0.00540413505406869,8.234019933996024,0.0053371967670830444,2156309.3333333335,1631119.3333333333,800095.6666666666,-24.355962616808494,0.019586783351688827
4000,1,0.05,10.0,49.353061671669515,0.3998183308511056,85.42295684509192,0.37500704932501727,57.774939541331456,0.15858778291440256,107.12800121300097,0.3670212702213026,3203020.6666666665,2936758.3333333335,800195.6666666666,-8.31285085145,0.005265386964542749
4000,1,0.05,20.0,51.10431786900639,0.25640162749723977,86.1295961734555,0.2198497436128441,59.334212790325786,0.07462876414438505,110.43853065933217,0.2453005139528147,3343818.3333333335,3018864.0,799776.3333333334,-9.718054840777198,0.01739003435063809
4000,1,0.05,40.0,52.09652451767276,0.04585007011880699,84.97867998551258,0.04101973872927708,61.30540569299774,0.01921590007710909,113.4019302106705,0.04162905372604663,3581359.6666666665,3144866.6666666665,800595.0,-12.187909157702459,0.015415842077119163
4000,1,0.1,10.0,99.08741339333936,0.2743760255238468,132.8053552915453,0.2867231710818898,74.61100734666495,0.12159656802900416,173.6984207400043,0.24596031799017984,3795340.0,3049709.6666666665,1600055.0,-19.64592538896581,0.026223873792891803
4000,1,0.1,20.0,101.17682903900278,0.7446304396645105,133.41000690749533,0.8895912852908985,75.83901041932889,0.43424905346584924,177.01583945833167,0.6048985462364546,3990667.0,3131976.0,1599571.6666666667,-21.51748101418939,0.005739306472955153
4000,1,0.1,40.0,104.18495311432828,0.5126825319630599,130.65187938102773,0.4091624463579372,79.74240677433166,0.12632465542732535,183.92735988865994,0.4968756987529391,4315522.0,3261782.0,1598863.3333333333,-24.417423299299355,0.024332167947548732
4000,1,0.2,10.0,245.1008421743415,2.858317745440192,182.8369468609805,1.6187123108196126,134.05432894299156,0.6652739840630879,379.15517111733305,2.779818494079627,6339237.666666667,3852545.0,3200547.0,-39.22698133605617,0.2793930558199078
4000,1,0.2,20.0,231.62374959233662,1.1967092161518218,170.99519106852733,0.6809688337993218,135.45629449866342,0.3333414314714169,367.08004409100005,1.1493460915178222,6414515.333333333,3734032.3333333335,3199277.6666666665,-41.787856373479435,0.14580655597652448
4000,1,0.2,40.0,219.06693352100652,4.657700655010377,159.18569446545553,2.2144126192276565,137.6172238696648,0.7152612546554393,356.6841573906713,4.602453338087505,6567917.333333333,3637331.0,3200332.3333333335,-44.61931899807775,0.5765465996858528
4000,2,0.05,10.0,22.798932001664067,0.4086150436226587,80.82367670521921,0.9109304053017078,28.208234184664132,0.26841172494900073,51.0071661863282,0.3080931673774173,3202823.0,2936715.3333333335,800447.6666666666,-8.30853484885175,0.0021861527448095034
4000,2,0.05,20.0,23.497100123335255,0.33977853361813803,80.54938110067586,0.883702633550167,29.171049860665033,0.31089664752157825,52.66814998400029,0.13708656559829524,3344505.0,3018828.6666666665,799584.3333333334,-9.737653337892745,0.00842110695914748
4000,2,0.05,40.0,24.967477286006517,0.19540964606453795,84.14722832833125,0.5196446519820086,29.671182024661295,0.17789197041371313,54.63865931066781,0.08086641229456522,3580709.3333333335,3144416.3333333335,799263.0,-12.184538804786234,0.011360089499239622
4000,2,0.1,10.0,43.13386918099908,0.21255521230316632,122.6209710802366,0.6558752762943373,35.176584234335074,0.1814652254770234,78.31045341533415,0.1106801256767319,3796355.6666666665,3049576.6666666665,1599785.6666666667,-19.670940221623713,0.014623952949340515
4000,2,0.1,20.0,44.44771124733476,0.33930367106208376,123.00311941836348,0.7041056589692161,36.135434172329646,0.15677707365060323,80.5831454196644,0.30091183156160556,3991034.6666666665,3132170.0,1600869.6666666667,-21.519849452774377,0.009786871821649216
4000,2,0.1,40.0,46.98666237399932,0.11212216004549136,126.8920726772432,0.23160926362865614,37.028839849997894,0.05136639330815099,84.01550222399722,0.09966379689626079,4317735.333333333,3261466.3333333335,1598733.0,-24.46345530608721,0.03861349411365357
4000,2,0.2,10.0,103.74616007399649,0.3896632490316191,173.71098578201324,0.7185237401531307,59.72343062066648,0.21688168169625788,163.46959069466297,0.32372794718788284,6335127.0,3868872.6666666665,3200544.6666666665,-38.92983848663921,0.14442854435432118
4000,2,0.2,20.0,101.22020630466673,1.041502086459004,169.5991457679448,1.1414834966632559,59.68202601866991,0.11852029016900789,160.90223232333665,1.0347364577111957,6413849.0,3767097.6666666665,3198141.6666666665,-41.266198204842304,0.19116819946653713
4000,2,0.2,40.0,96.19248909400386,0.6787759570346653,158.684397729217,0.7058473255991805,60.61874416799886,0.06731449299977242,156.81123326200273,0.6754299067116509,6570862.666666667,3646183.6666666665,3200710.6666666665,-44.50982992823293,0.08406269310939923
4000,4,0.05,10.0,10.679020148997854,0.16961779383283643,95.5473547077349,1.4168494073384281,11.176677974668564,0.16433985896001438,21.855698123666418,0.0419834103155185,3203968.0,2936776.3333333335,799591.0,-8.339392795928033,0.015396838891723455
4000,4,0.05,20.0,11.778980927667968,0.08276767807323304,103.97868682688664,0.6595160381919184,11.328264750331678,0.06803602174454851,23.107245677999646,0.0471337276142007,3344645.0,3018987.6666666665,800758.6666666666,-9.736678165627035,0.004299422497399214
4000,4,0.05,40.0,12.516127827664603,0.07606945065025983,107.90238555982906,0.45024308878378205,11.599491302001601,0.03613966658739898,24.115619129666204,0.06693643119545553,3581242.3333333335,3144513.6666666665,799823.0,-12.194877795767404,0.02764241797832255
4000,4,0.1,10.0,18.653926391333997,0.1069397174750468,126.82758058888291,0.6147273297402441,14.70809921999656,0.05957604427144844,33.36202561133056,0.08880764675752446,3796604.0,3049591.6666666665,1600422.0,-19.675803276683542,0.0018523076314350304
4000,4,0.1,20.0,19.958303308667382,0.11211555479168187,131.22264426501113,0.5774989377457522,15.209496364332153,0.051177846082028196,35.167799672999536,0.09975332423859792,3989997.3333333335,3131937.3333333335,1599859.0,-21.50527752243724,0.0034968146447989985
4000,4,0.1,40.0,21.4106254146609,0.07511241254764056,134.8947491647656,0.40184498757900683,15.872096984671467,0.038491572185224705,37.282722399332364,0.06450018131320708,4317352.333333333,3261954.0,1598756.0,-24.445494278118332,0.015160583080103032
4000,4,0.2,10.0,42.65535341166833,0.3239795363583456,151.60423004559226,0.6978581607280975,28.135991587332683,0.015155937135226533,70.79134499900101,0.3236248407470008,6336774.333333333,3892318.3333333335,3200475.0,-38.57573464319034,0.1557081259824556
4000,4,0.2,20.0,39.48135870065987,0.17513634760214433,138.88614927846993,0.5986970492175263,28.427138995335554,0.10811958348469111,67.90849769599542,0.13777843052711855,6413846.333333333,3729626.0,3200145.6666666665,-41.850491435493325,0.14373654089054727
4000,4,0.2,40.0,38.305477957333395,0.6792974109509028,133.01915006254805,1.4177253139917443,28.796964902663603,0.10628331492881282,67.102442859997,0.6709313150333218,6567804.0,3643481.3333333335,3199417.6666666665,-44.525115982848284,0.5392417837658767
4000,8,0.05,10.0,4.638608384004328,0.03556639122904195,85.0769823086871,0.3811636963499647,5.452248373330804,0.01792076308791241,10.090856757335132,0.030721563036476315,3203191.0,2936660.3333333335,799658.0,-8.32078482688694,0.005914274260350657
4000,8,0.05,20.0,4.8092083309942,0.02361603797423894,86.74036533230249,0.35100484552827005,5.544371772669062,0.021943585885407235,10.353580103663262,0.00872904852148572,3344704.6666666665,3018798.0,799943.0,-9.7439591373646,0.003855119218591482
4000,8,0.05,40.0,4.9872426380025,0.04055281004078068,87.34741733577593,0.36935076697675934,5.709662391998184,0.012646443406903561,10.696905030000684,0.03853047977069099,3580591.6666666665,3144733.6666666665,800026.6666666666,-12.172790541085604,0.011314086889351009
4000,8,0.1,10.0,8.398602045000493,0.04100565733520703,111.57971653653264,0.40550747741263016,7.526997115332051,0.021906069547754353,15.925599160332544,0.03466393010697673,3794915.0,3049720.6666666665,1599316.6666666667,-19.63663048635036,0.031184104067774793
4000,8,0.1,20.0,8.263256579002096,0.07970730175400904,105.92323171202283,0.5990419035267492,7.801174912664767,0.024219007231267433,16.064431491666863,0.07593874927621912,3991737.6666666665,3132016.3333333335,1600165.3333333333,-21.53749647049824,0.027339916415636607
4000,8,0.1,40.0,8.548607027337615,0.07670197312979847,104.59549762822896,0.5671832695984004,8.173016259000482,0.02709439200668717,16.721623286338097,0.07175713625690683,4315113.0,3261805.3333333335,1600076.6666666667,-24.409711595355645,0.032100622309233516
4000,8,0.2,10.0,18.97344440667075,0.1686006585787769,130.80497150995018,0.7987117022155353,14.505140123995565,0.05557210065765006,33.47858453066632,0.1591789047006333,6339025.0,3906910.0,3200443.6666666665,-38.367316681250905,0.16273942627794297
4000,8,0.2,20.0,17.77878590699887,0.1814602819645186,122.71148284389295,0.7883530666557355,14.48828218432997,0.05036361343129447,32.26706809132884,0.17433112278874857,6414376.666666667,3761855.0,3199767.6666666665,-41.35275979438082,0.09901906977124929
4000,8,0.2,40.0,15.698612055998336,0.242770020833555,105.85266813890443,0.8902840940977826,14.830624803333194,0.04647585555036474,30.52923685933153,0.23827983101048725,6567911.666666667,3610302.6666666665,3199999.0,-45.031158208058685,0.2859009223938978
8000,1,0.05,10.0,208.23228107233686,1.0186316749693574,126.85511474229591,0.3572514521755832,164.1496927383317,0.12245830482692611,372.38197381066857,1.0112440125062765,7592952.666666667,6099304.666666667,3198313.6666666665,-19.671484815624442,0.027808388070049133
8000,1,0.05,20.0,212.65300830100023,1.1616289247028357,127.14063220796463,0.4358288585520423,167.25810199933767,0.28868195936899227,379.9111103003379,1.125186422350157,7982143.0,6264593.0,3200963.0,-21.517404668797482,0.0024664945132089762
8000,1,0.05,40.0,216.75437300998604,0.4410989800655483,124.07133175546956,0.19558803345411724,174.7014156640022,0.21521927423504958,391.45578867398825,0.3850311340821746,8635203.0,6523597.666666667,3199554.6666666665,-24.453444755554457,0.01654777990510772
8000,1,0.1,10.0,491.4938059460061,4.849607573724138,148.51496649470232,0.8920391861035323,330.93890639199526,0.4131405881384842,822.4327123380014,4.831977697957133,12676473.333333334,7752922.666666667,6397554.666666667,-38.84015141121767,0.4001901613333222
8000,1,0.1,20.0,477.6069011976554,2.648584557356619,144.68065142224063,0.4854687355714079,330.1111078106721,0.2574362044677072,807.7180090083275,2.6360437701406285,12831978.666666666,7622255.0,6399029.666666667,-40.59952444145546,0.2516235820071857
8000,1,0.1,40.0,428.3661323313427,5.870402971983507,126.70977438165573,1.091660146244444,338.0687357559994,1.4859110624541998,766.4348680873421,5.679234047646657,13143406.333333334,7204321.333333333,6400625.333333333,-45.18661954327822,0.43437290876642565
8000,1,0.2,10.0,445.6996640793416,21.877980370107004,42.41103417430878,0.622864733512555,1050.9049655509978,2.0832029671063856,1496.6046296303393,21.77857411477222,25770847.333333332,7219913.666666667,12798122.0,-71.98430262922342,0.3153177118730358
8000,1,0.2,20.0,433.90503624134,19.630283732802518,40.97131993769775,0.5468205489859027,1059.045783492329,3.4394689444804825,1492.950819733669,19.32661617589291,25884954.0,7191418.666666667,12798056.333333334,-72.21779268801568,0.284983737238236
8000,1,0.2,40.0,434.35508734367136,8.587472361036765,40.64855865839563,0.2437987770231051,1068.5620884959935,2.770612044191473,1502.9171758396649,8.128246456164545,26105023.0,7232883.666666667,12796547.666666666,-72.29306346614568,0.14849943816528027
8000,2,0.05,10.0,101.9717000973081,0.6226284091793477,130.37606377185534,0.5554083703541782,78.21351339134465,0.2163105109414572,180.18521348865275,0.5838457833824365,7593087.666666667,6099254.333333333,3199815.3333333335,-19.67359038087049,0.014153709163062765
8000,2,0.05,20.0,104.44126205600334,0.5920595883523391,130.05758682152126,0.4867601198333803,80.30385970433902,0.17237616960757485,184.74512176034236,0.5664106392992294,7983353.666666667,6264416.333333333,3201353.0,-21.531517587118827,0.0075391642165389666
8000,2,0.05,40.0,105.8751004759979,0.6741438775011283,125.67868374411113,0.5914010043909853,84.24268724166905,0.2906997765501175,190.11778771766694,0.6082463378319413,8637970.0,6523324.666666667,3199747.3333333335,-24.480813664793303,0.004176984607628876
8000,2,0.1,10.0,248.78033379136465,0.7116348549632691,175.10081788320542,0.40265377244687217,142.0783390956543,0.21422331955300644,390.85867288701894,0.6786254756183882,12674853.0,7800225.333333333,6398392.333333333,-38.45907750024339,0.15993220934820462
8000,2,0.1,20.0,234.55532368635372,2.2472392974244553,163.97576680185932,1.1028960433894617,143.04267530566236,0.48433590202588267,377.5979989920161,2.1944254815093482,12832667.333333334,7499996.0,6399585.333333333,-41.55552961213757,0.3870778490462101
8000,2,0.1,40.0,221.92273532767044,2.3649826951799366,153.00966225608263,1.5099548285007938,145.038379966,1.1799855127859613,366.96111529367045,2.0495797954985333,13137428.333333334,7294330.666666667,6399160.333333333,-44.476825200925155,0.4277022957573831
8000,2,0.2,10.0,297.2562519096537,8.70196141288945,75.18296354082742,0.9612962061041868,395.3771411900137,1.1436308176456431,692.6333930996674,8.626484856785416,25775232.666666668,7267153.666666667,12801465.333333334,-71.8056567857674,0.421407721511303
8000,2,0.2,20.0,265.97076323899097,9.122048112859524,66.14433663345726,0.9203222901761121,402.10663040266564,1.3472107631262404,668.0773936416566,9.022016677719057,25893658.0,6968646.333333333,12804183.0,-73.08736802443941,0.36633808367835385
8000,2,0.2,40.0,280.448551272663,3.2698270348107776,69.64673341624098,0.5142374335786304,402.6729431753435,2.802373609674264,683.1214944480065,1.6847762431197442,26104175.333333332,7199526.666666667,12798014.0,-72.42001606458665,0.024269308385904242
8000,4,0.05,10.0,44.62396747500558,0.3542217369013607,114.57869620738781,0.8317967174678859,38.94612956167354,0.2594326322595607,83.57009703667912,0.24117990839266096,7594008.0,6099300.0,3200093.3333333335,-19.68272810852313,0.005077450515766158
8000,4,0.05,20.0,46.914700721681584,0.3150625492005887,117.74086935466231,0.4379541389133936,39.84572305166512,0.03612585485503678,86.7604237733467,0.3129845563598405,7984855.0,6265092.0,3201985.3333333335,-21.537805474334544,0.013439007094363176
8000,4,0.05,40.0,48.11825937699178,0.1660536923509077,115.71545123994326,0.38451057037761793,41.5832620980024,0.12950449695627753,89.70152147499418,0.10393466222329974,8637988.666666666,6523543.666666667,3200142.3333333335,-24.47844112920512,0.004404629814356888
8000,4,0.1,10.0,106.4417117763272,0.32295991126210255,160.71690438576553,0.7229735186643321,66.2293193009973,0.2933941155921315,172.6710310773245,0.13499258208633585,12673670.0,7776598.0,6399480.333333333,-38.639731496027856,0.02137534087981309
8000,4,0.1,20.0,101.11807350368083,0.5424931282171114,150.69003947708296,0.6597345386230339,67.1033559049926,0.2166825310410332,168.22142940867343,0.4973404014399382,12828735.666666666,7516393.0,6399448.333333333,-41.40966240438133,0.14566527577869787
8000,4,0.1,40.0,96.12128742799784,1.6692574855644333,141.5483580601346,1.5260523501973648,67.90703102833747,0.2655275341413839,164.0283184563353,1.6480035442090804,13139033.333333334,7264591.0,6399491.0,-44.70996668764604,0.3131279762413639
8000,4,0.2,10.0,130.45834007302378,5.993188735517607,79.50389457692839,1.63115392112933,164.0905024429861,0.5202419392814315,294.54884251600987,5.970566099135644,25777122.0,7210687.0,12798886.666666666,-72.02692027267825,0.5998732932861308
8000,4,0.2,20.0,125.01484532699882,3.302931394863787,74.9695186730503,0.9897274202938637,166.7542323063341,1.3802903567219806,291.7690776333329,3.0006923085043478,25889584.333333332,7086035.0,12803016.666666666,-72.62975927121856,0.39261592840333365
8000,4,0.2,40.0,127.99640315668267,1.8051997019135917,76.96343304339248,0.5565988800495688,166.30807397133322,0.7722944670042059,294.3044771280159,1.6316578133982658,26113826.0,7183511.333333333,12799167.0,-72.4915396516978,0.0017937491544809945
8000,8,0.05,10.0,21.054581654655824,0.07042711300349189,120.63150001318712,0.31321059918835154,17.453634956337435,0.03608627941400645,38.50821661099326,0.06047940710738548,7593352.333333333,6099511.666666667,3198957.0,-19.672992930990148,0.023332280604078316
8000,8,0.05,20.0,22.180539241991934,0.15921986513141653,122.44232064283037,0.7707449525537255,18.11509217200607,0.0993742335775529,40.295631413998,0.12440147568795328,7983172.0,6264065.333333333,3199297.6666666665,-21.53413022218056,0.009858125519777895
8000,8,0.05,40.0,23.355328024675448,0.147794391502182,122.47592308270774,0.5788355937776045,19.069321901663596,0.06817827970909733,42.42464992633904,0.13112934200783719,8638143.666666666,6523780.0,3199816.6666666665,-24.477059742650436,0.007540159588104557
8000,8,0.1,10.0,47.912621147319435,0.17153930699008352,143.23542916902971,0.6916830290893227,33.450258379006605,0.1594185179584897,81.36287952632604,0.06333616640243402,12672127.666666666,7772535.666666667,6398505.0,-38.66430957219847,0.059284199867512564
8000,8,0.1,20.0,46.61577061499701,0.7848490130342854,137.748160831082,1.5121207047603846,33.841301643338134,0.1877941308141975,80.45707225833515,0.7620507448278179,12832161.0,7600167.666666667,6401895.0,-40.77252914315295,0.40070876679947354
8000,8,0.1,40.0,43.8287871023252,0.416174593321455,127.31925456074433,0.6949803998378329,34.42431959999764,0.04712679605513358,78.25310670232284,0.41349771126314144,13140268.333333334,7235505.333333333,6400641.666666667,-44.93632204294295,0.32738200661266
8000,8,0.2,10.0,42.49866345735305,0.6325951886452817,48.71592187506498,0.23989648339023883,87.23772808065405,0.08116741434997456,129.7363915380071,0.6273663391870009,25780029.333333332,7093081.0,12800236.666666666,-72.48614086137924,0.015936114953421964
8000,8,0.2,20.0,42.291887298012924,2.052238901120607,48.2556392710691,0.7697715521229569,87.64133671599363,0.2653535798375489,129.93322401400656,2.0350115441785865,25884574.0,7057194.333333333,12799855.666666666,-72.7358755299848,0.3078265582311486
8000,8,0.2,40.0,44.74861304632698,0.6261836612766248,50.75220939592698,0.2534215950233406,88.1707684826785,0.1950215526955178,132.91938152900548,0.5950399748202033,26108554.0,7191326.333333333,12799066.333333334,-72.45604875841839,0.014128391533799859
16000,1,0.05,10.0,1164.0283810940068,3.089362757350584,147.94012810319322,0.23620848654058899,786.8239645446689,0.17519075933331002,1950.8523456386756,3.084391422039204,25345346.333333332,15632443.333333334,12798289.0,-38.32221318224911,0.13239448490769282
16000,1,0.05,20.0,1107.9315841249968,8.011232952409012,138.90839215820188,0.8405708788438974,797.5987389323321,3.8223327929664825,1905.5303230573288,7.040569965391797,25657060.666666668,15124926.666666666,12800690.0,-41.0496481131885,0.19548732289565154
16000,1,0.05,40.0,1020.4438261999846,10.470438327051397,126.4634734196796,0.7812600330828229,806.9079542150139,2.0769669298949536,1827.3517804149985,10.262372393004924,26282046.333333332,14499079.333333334,12803884.666666666,-44.8328144598242,0.20447820726110916
16000,2,0.05,10.0,575.1104363616905,2.759256035449515,152.45611355705594,1.0698011105883447,377.2301568913196,2.625657031999899,952.3405932530101,0.8481857222767052,25349424.666666668,15580412.0,12799439.666666666,-38.53741472973177,0.06595588295300268
16000,2,0.05,20.0,556.216426696997,2.4244598834947806,145.77288820466552,0.48253907467516927,381.5637005943572,0.8635065567286357,937.7801272913542,2.2654717286168418,25661469.666666668,15210110.0,12800017.333333334,-40.72782310327126,0.17262390218597912
16000,2,0.05,40.0,511.70859664967674,1.7372093219592573,131.8099874629462,0.5761103820442677,388.216861634651,1.6874300958858641,899.9254582843278,0.4128872725100225,26277653.0,14482608.0,12801001.333333334,-44.88623273806129,0.1611524215084426
16000,4,0.05,10.0,300.1413001336817,4.50630429815826,174.55558781456608,1.682239220365161,171.94597084599081,0.24497709808851648,472.0872709796725,4.499640502197008,25345771.0,15488841.666666666,12799874.333333334,-38.88986348068005,0.4367057768167185
16000,4,0.05,20.0,297.22852148633683,2.4349533242482355,171.08583246880573,1.2411106521411746,173.73064572166186,0.9511295088286261,470.9591672079987,2.2415062678259345,25666746.666666668,15228100.0,12800089.0,-40.66991992916102,0.19669345620811113
16000,4,0.05,40.0,275.9550289789913,2.586136354747661,156.3801049777343,0.9844231379348387,176.46428170532454,0.5053167839484859,452.41931068431586,2.5362878766432404,26272189.0,14566421.0,12799044.333333334,-44.55571048186582,0.17760655453879776
16000,8,0.05,10.0,145.56493973029623,1.44128885239441,175.74952113302936,1.3681957769387902,82.82522694335785,0.40514610604874657,228.39016667365408,1.383173954638365,25346145.0,15640524.666666666,12799741.0,-38.29225727215778,0.2949555378825401
16000,8,0.05,20.0,143.1909930756471,1.5095320274543422,172.85043394235197,1.220639263436092,82.840979805352,0.20436351086304616,226.0319728809991,1.4956344798573435,25662717.666666668,15160976.0,12802776.0,-40.922164573249255,0.1964881879274763
16000,8,0.05,40.0,133.4652411940042,0.6095742923391622,158.44004189644303,0.7525154239180281,84.2370650730057,0.35046444802445204,217.7023062670099,0.4987539358759051,26276407.666666668,14471500.666666666,12799999.666666666,-44.925857789484986,0.2814371736061882
